{
  "1": [
    43.9846875,
    7.7125,
    223.26921875
  ],
  "2": [
    36.4853125,
    7.03609375,
    230.8596875
  ],
  "3": [
    39.799375,
    14.21015625,
    187.895
  ],
  "4": [
    45.24671875,
    16.6459375,
    201.469375
  ],
  "5": [
    33.690625,
    12.3828125,
    215.6959375
  ],
  "6": [
    37.49203125,
    18.37953125,
    188.92953125
  ],
  "7": [
    50.0196875,
    17.94671875,
    202.3025
  ],
  "8": [
    37.71046875,
    19.8134375,
    184.40609375
  ],
  "9": [
    35.24328125,
    24.96265625,
    162.26171875
  ],
  "10": [
    53.5596875,
    19.8340625,
    191.54421875
  ],
  "11": [
    40.79078125,
    19.54546875,
    182.6840625
  ]
}